﻿<?xml version="1.0" encoding="utf-8"?>
<!--This is a config file for Launcher. Feel free to edit whatever you want or even translate Launcher to your native language. Pay close attention to comments and documentation.-->
<Config>

  <!--Main settings of an application.-->
  <Main>
    <!--DeleteCache: 1 or 0. If 1, Cache folder is always deleted.-->
    <DeleteCache>1</DeleteCache>

    <!--KeepBackups: 1 or 0. If 1, .ext_ files are being kept as backups. Recommended 1.-->
    <KeepBackups>1</KeepBackups>

    <!--KeepBlizzlikeMPQs: 1 or 0. If 1, blizzlike MPQs in Data are ignored by Launcher. Otherwise they are handled in a same manner as custom one. Recommended 1.-->
    <KeepBlizzlikeMPQs>1</KeepBlizzlikeMPQs>

    <!--ForcedRealmlist: 1 or 0. If 1, realmlist.wtf will always be updated to match realmlist.wtf in FilesRootPath.-->
    <ForcedRealmlist>1</ForcedRealmlist>

    <!--FileProcessingOutputs: 1 or 0. If 1, messages about downloading and unziping files will be shown.-->
    <FileProcessingOutputs>1</FileProcessingOutputs>
  </Main>

  <!--Paths to files and folders Launcher will work with. They are commonly all !CASE SENSITIVE!-->
  <Paths>
    <!--FilelistPath: Path to text filelist.-->
    <FilelistPath>http://www.xxx.com/LauncherWebFolder/filelist.conf</FilelistPath>

    <!--VersionPath: Path to text file which contains your Lancher's current version (version is a double value with . as separator!-->
    <VersionPath>http://www.xxx.com/LauncherWebFolder/launcherversion.conf</VersionPath>

    <!--LauncherPath: Path to a zip file with Launcher files - used if Launcher finds itself outdated.-->
    <LauncherPath>http://www.xxx.com/LauncherWebFolder/Launcher.zip</LauncherPath>

    <!--FilesRootPath: Path to folder with files. Paths in filelist are relative to this path.-->
    <FilesRootPath>http://www.xxx.com/LauncherWebFolder/</FilesRootPath>

    <!--ChangelogPath: !HTTP! path to changelog XML file.-->
    <ChangelogPath>http://www.xxx.com/LauncherWebFolder/changelog.xml</ChangelogPath>

    <!--ChangelogFTPPath: !Full! !FTP! path to folder in which changelog is. Notice that //www/ part. You may want to use an IP instead of a domain name.-->
    <ChangelogFTPPath>ftp://ftp.www.xxx.com/</ChangelogFTPPath>

    <!--Webpage: URL which is to be opened when user clicks on Project webpage button.-->
    <Webpage>http://www.xxx.com</Webpage>

    <!--Registration: URL which is to be opened when user clicks on Registration button.-->
    <Registration>http://www.xxx.com</Registration>

    <!--Instructions: URL which is to be opened when user clicks on Launcher manual button.-->
    <Instructions>http://www.xxx.com/launchermanual/</Instructions>

    <!--HelloImage: URL to image which is to be displayed in Main window (latest news image). Clicking on it opens a changelog browser.-->
    <HelloImage>http://www.xxx.com/LauncherWebFolder/hello.jpg</HelloImage>
  </Paths>

  <!--Visual settings for Main Window.-->
  <MainWindow>
    <!--WindowName: Name of main window. Change this to match your project's name.-->
    <WindowName>MoonSun登录器</WindowName>

    <OutputBox>温馨提示:</OutputBox>
    <OptionalBox>可选文件:</OptionalBox>
    <CheckForUpdatesButton>检查更新</CheckForUpdatesButton>
    <UpdateButton>更    新</UpdateButton>
    <WebpageButton>游戏主页</WebpageButton>
    <RegistrationButton>账号注册</RegistrationButton>
   
    
    <ChangelogEditorButton>编辑日志</ChangelogEditorButton>
    <ChangelogBrowserButton>浏览日志</ChangelogBrowserButton>
    <LaunchButton>启动游戏</LaunchButton>
    <ProgressText>正在下载: </ProgressText>
    <ProgressSeparator> / </ProgressSeparator>
    <DownloadSpeedUnits>/s, </DownloadSpeedUnits>
    <remaining>还需</remaining>
    <downloaded>已下载, </downloaded>
    <ToolTipTotalSize>总大小: </ToolTipTotalSize>
    <PanelTotalSize>需更新文件大小:</PanelTotalSize>
    <LabelTotalSizeOpt>已选择: </LabelTotalSizeOpt>
    <LabelTotalSizeNonOpt>未选择: </LabelTotalSizeNonOpt>
    <second> s </second>
    <minute> m </minute>
    <hour> h </hour>
    <Complete>下载完成!</Complete>
    <Errors>出现错误!</Errors>
  </MainWindow>

  <!--Visual settings for Changelog Editor. A lot of those are used by Changelog Browser as well.-->
  <ChangelogEditor>
    <WindowName>编辑日志</WindowName>
    <ChangelogEntries>日志列表:</ChangelogEntries>
    <DateColumn>时间</DateColumn>
    <HeadingColumn>标题</HeadingColumn>
    <Date>Date:</Date>

    <!--DateFormat: Carefully with this. MM for months, mm for minutes. You can use your own format, but it must be correct. Changelog's data must also be compatible with this, if your changelog isn't empty when this is being changed!-->
    <DateFormat>yyyy.MM.dd hh:mm</DateFormat>

    <PictureURL>图片地址:</PictureURL>
    <Heading>标题:</Heading>
    <PicturePreview>图片预览:</PicturePreview>
    <Description>内容:</Description>
    <EditEntryButton>编辑日志</EditEntryButton>
    <DeleteEntryButton>删除日志</DeleteEntryButton>
    <CreateEntryButton>创建日志</CreateEntryButton>
    <SaveEntryButton>保存文字</SaveEntryButton>
    <TestPictureButton>加载图片</TestPictureButton>
    <CancelButton>取消编辑</CancelButton>
    <SaveButton>保存日志</SaveButton>
  </ChangelogEditor>

  <!--Visual settings for Changelog Browser.-->
  <ChangelogBrowser>
    <WindowName>浏览日志</WindowName>
    <InfoText>请点击日志列表对应日期或标题查看日志.</InfoText>
    <Picture>图片:</Picture>
  </ChangelogBrowser>

  <!--Visual settings for authentization dialog window for Changelog Editor.-->
  <FTPLoginWindow>
    <WindowName>登录FTP</WindowName>
    <Login>用户名:</Login>
    <Password>密码:</Password>
    <OKButton>确定</OKButton>
    <CancelButton>取消</CancelButton>
  </FTPLoginWindow>

  <!--Various messages which can be output by Launcher.-->
  <Messages>
    <!--HelloMessage: Please, leave this here. If you want to add anything, add it behind original message.-->
    <HelloMessage>登录器启动后，请点击“检查更新”，待“更新”按钮亮起，点击“更新”后再点击“进入游戏”————MoonSun.</HelloMessage>

    <XmlNotOpened>Default settings are being used, because LauncherConfig.xml could not be loaded. Launcher can't continue. Get a new config file!</XmlNotOpened>
    <ChangelogNotOpened>Failed to open a changelog file on web.</ChangelogNotOpened>
    <ChangelogNotLoaded>Failed to load changelog data. Please, contact support.</ChangelogNotLoaded>
    <ChangelogEmpty>Warning: changelog is empty. You are currently creating a new one.</ChangelogEmpty>
    <InvalidFtpPassword>Incorrect login - password combination, or incorrect FTP path to changelog.</InvalidFtpPassword>
    <PictureNotOpened>Picture from given URL could not be opened. URL seems to be invalid.</PictureNotOpened>
    <ChangelogNotUploaded>Changelog could not be uploaded. Backup XML file can be found in Launcher's directory.</ChangelogNotUploaded>
    <ChangelogUploadOK>Changelog was succesfully updated.</ChangelogUploadOK>
    <UnZipingFileError>Failed to unzip file: </UnZipingFileError>
    <DownloadingFrom>Downloading file from: </DownloadingFrom>
    <DownloadingTo>To: </DownloadingTo>
    <UnzipingFile>Unziping file: </UnzipingFile>
    <FileDeletingError>Failed to delete file: </FileDeletingError>
    <WowExeMissing>WoW.exe was not found!</WowExeMissing>
    <DataDirMissing>Data directory was not found!</DataDirMissing>
    <BlizzlikeMpqMissing>Failed to find essential file: </BlizzlikeMpqMissing>
    <LauncherNotInWowDir>Your WoW client is either damaged, or Launcher is not in WoW root directory.</LauncherNotInWowDir>
    <FilelistOpeningFailed>Launcher could not open filelist on web. Check your internet connection, or contact your support team. Error message: </FilelistOpeningFailed>
    <FilelistReadingFailed>Filelist on web is invalid. Contact your support team.</FilelistReadingFailed>
    <FileOnsWebMissing>File's size could not be found. File is probably missing on web server. </FileOnsWebMissing>
    <WebRealmlistMissing>File realmlist.wtf could not be found on web. Realmlist could not be verified.</WebRealmlistMissing>
    <RealmlistMissing>It appears local realmlist.wtf is missing. Create a new one if it is so.</RealmlistMissing>
    <OptionalsPresetLoadFailed>You don't have saved optional groups selection, or list of them has changed. Please, pay attention optional files checkbox list before you click on an Update button.</OptionalsPresetLoadFailed>
    <DownloadError>Error occured while followin file was being downloaded: </DownloadError>
    <FileDownloadError>Some files apparently weren't succesfully downloaded. Re-run Check for updates and Update.</FileDownloadError>
    <HelloImageNotLoaded>News image could not be loaded.</HelloImageNotLoaded>
    <VersionNotVerified>Launcher could not verify wheter it is up to date. It will proceed as normal, but notify your support team about this issue if it persists.</VersionNotVerified>
    <CouldNotBeUpdated>Launcher has attempted an update of itself, but it was not successful. Try to re-run a Launcher and contact your support team if issue persists.</CouldNotBeUpdated>
    <OutdatedLauncher>There seems to be a new version of Launcher on web. Launcher will attempt an update and then restart.</OutdatedLauncher>
    <LauncherUpdated>Launcher has been succesfully updated. Please, run Launcher again.</LauncherUpdated>
    <Removing>Removing file: </Removing>
  </Messages>

</Config>